{"mean":{"confidence_interval":{"confidence_level":0.95,"lower_bound":415140665.6666666,"upper_bound":440446788.66666657},"point_estimate":427203058.99999994,"standard_error":6463723.691030538},"median":{"confidence_interval":{"confidence_level":0.95,"lower_bound":393911433.3333333,"upper_bound":421276966.6666667},"point_estimate":408862816.6666666,"standard_error":7124465.8714299},"median_abs_dev":{"confidence_interval":{"confidence_level":0.95,"lower_bound":24477132.525443986,"upper_bound":54916540.84503651},"point_estimate":42189284.92099039,"standard_error":7649120.591397503},"slope":null,"std_dev":{"confidence_interval":{"confidence_level":0.95,"lower_bound":44245939.24066852,"upper_bound":81837929.72225596},"point_estimate":64629035.96473281,"standard_error":9630451.936287267}}